channel_id,channel_title,subscribe_count,twitter_accounts,facebook_accounts,instagram_accounts
UChXtTZsRiyJxCxblLMGb18w,justF,208000,,facebook.com/justfgaming,instagram.com/justf
UC615Ng78VDeJgETIfVnH8rw,esportstvid,934000,twitter.com/esportstvid,facebook.com/esportstvid,instagram.com/esportstvid
UCWOA1ZGywLbqmigxE4Qlvuw,Netflix,29200000,twitter.com/netflix,facebook.com/netflixus,instagram.com/netflix
UCwRa9t7B6WUDMjIdnZ7d6QA,Gaming aadii ,689000,,,
UCrELFSY9AWjENcvEiAueTGQ,Game On 4u,1930000,,,
UCoLrcjPV5PbUrUyXq5mjc_A,MLB,5890000,"twitter.com/MLB,twitter.com/mlb",facebook.com/mlb,instagram.com/mlb
UCahRghBkidF24RvCXLL4ezA,Kotte Animation,3710000,twitter.com/KotteAnimation,"facebook.com/profile,facebook.com/Kotte",instagram.com/kotte
UCBY1s_86sEzMTuyhzZxZDWA,Tech Act,111000,,,
UCeZOywU-zg9j3SxYG0FdLtw,Netflix Türkiye,1470000,,facebook.com/netflixturkiye,instagram.com/netflixturkiye
UCAJUA8jHgKMWzfRBd53mWoA,DroidGameplaysTV,6070000,twitter.com/Apkattack,facebook.com/Android,
UCbpj2JAUMb8G_oQQFPeGrhg,Baltimore Ravens,301000,twitter.com/ravens,facebook.com/baltimoreravens,instagram.com/ravens
UCldoSXCOuWTUpqcCGB1WsZA,David Games,519000,,,instagram.com/david
UCDtdaNo9ZAE8shXf2D8j3hA,The Hero Wars Ads Collector,2870000,,,instagram.com/herowarsadscollector
UCzF5oxzeidHOZzy4KK5nxCQ,JorRaptor,983000,twitter.com/jorraptor,,instagram.com/jorraptor
UC3bg_FHsGeU91ULG-zVs52w,lonelyshark,238000,twitter.com/itslonelyshark,,instagram.com/itslonelyshark
UCDVYQ4Zhbm3S2dlz7P1GBDg,NFL,13500000,twitter.com/nfl,facebook.com/NFL,instagram.com/f
UC7rsYYvQbqQrJDGhqWmtAgQ,Kyle Krueger,4970000,,,instagram.com/kylekruegerr
UC1X369CWSpJRptwyXr0CUlg,Mk Studio Vlog,2010000,,facebook.com/Mukeshnayak,instagram.com/mk
UC615Ng78VDeJgETIfVnH8rw,esportstvid,934000,twitter.com/esportstvid,facebook.com/esportstvid,instagram.com/esportstvid
UCWUuNrPEcJe59VYZHv-FK2Q,PUTU GAMES,159000,,,
UCZoiUrAZxs3jS6VdOmCvFtA,TF 09 SUNIL,48800,,,
UCz5osAvTYFKjb6Kjcep6vXA,The Land Of Boggs,7880000,,facebook.com/thelandofboggs,"instagram.com/thelandofbo,instagram.com/thelandofboggs"
UC9tYJpGCSkzDt4HkPC4BtkA,Dimucc,7040000,twitter.com/ytdimucc,,instagram.com/ytdimucc
UCbNEN9sjx6ivG8Vqpvs0eEg,PRO GAMING 5.4 ,725000,,,instagram.com/agrawalmanish
UCWBWgCD4oAqT3hUeq40SCUw,Sambucha,8410000,twitter.com/sambucha,,instagram.com/sambuchalul
UCfQ31S9rTkGbrcT9yWkCEzw,TG MODS ,350000,,,
UCKaCalz5N5ienIbfPzEbYuA,Jordan Matter,26100000,,,"instagram.com/jordanmatter,instagram.com/nidal,instagram.com/salishmatter"
UC0hWgcc02QfOJiSZ24c4uKQ,Oddman Games,3080000,,,
UCeBnbqt4VRhotq2TQjkIi2A,LaurenZside,9310000,,,instagram.com/laurenzside
UCN5pOXcCLZj0q4gBH1TSakA,68FLUX,297000,,,
UCC6ulNJ-KDoIa3VI2gcvQpA,Camodo Gaming,3670000,twitter.com/Camodo,,instagram.com/camodo
UCQK0Zf1TRoXJAOmR_7kFlxQ,Mighty Game Studio,156000,,,
UC1uISIOKNnnGALw17v9naPg,P.E. with Mr. G,130000,twitter.com/PEbyMrG,facebook.com/groups,
UCYoPYOMV-bYh6DHzcULKR6g,SMART GAMERZ YT,164000,,,instagram.com/smart
UCP5JiYEguig1EV_JHJ4K4mA,SAB Truck Cars,673000,,,
UCfF7y2aRa8E2qA0aeRfFiPQ,Tokku Dairies,8490,,,
UC9Fn_FS7b_4wI4D5tY4HK_Q,PocketConsoleShopUSA,98900,,,
UCZjfOOhT6abHDwPNz2zzPYg,BINDASS GAMER,227000,,,"instagram.com/bindassgame,instagram.com/bindassgamer"
UCCFs35_Ey5FXLh5L8eN08hg,TheGameVEVO,1740000,,,"instagram.com/boscomovie,instagram.com/quawntaybosco"
UCj4hfQEWcGtF08SLEZCZc5Q,Vindooly,5080000,twitter.com/vindooly,,instagram.com/vindooly
UCvlE5gTbOvjiolFlEm-c_Ow,Vlad and Niki,127000000,,,
UCx8vbgWs666cAS7wsKos5sA,8-BitRyan,4120000,twitter.com/IAm,,instagram.com/
UCoXC9MWZmFZoaSWrwoblgyw,Game Definition,3000000,twitter.com/GameDefinitionX,facebook.com/GameDefinitionOfficial,instagram.com/game
UCanQRiLEpd9jT5J7PR0PT5w,Proud Gamer,68900,,,instagram.com/proudgamer
UCZoiUrAZxs3jS6VdOmCvFtA,TF 09 SUNIL,48900,,,
UCCFs35_Ey5FXLh5L8eN08hg,TheGameVEVO,1740000,,,"instagram.com/boscomovie,instagram.com/quawntaybosco"
UCEnZHawiAQEO2CZp1ZEIDkA,Hydra Zinoop,332000,,facebook.com/maahi,instagram.com/vishnu
UC_JGpIDLzzxK9mczpN7VQ0w,nobody sausage,3240000,twitter.com/nobodysausage,facebook.com/nobodysausage,instagram.com/nobodysausage
UCFFOzUjR03eOZQFchdBRitA,STRIKERSUMIT,159000,,facebook.com/profile,"instagram.com/strikersumit,instagram.com/striker"
UCOhSn4q_1UKzqGkdYJYT7Fw,ItsRandy,803000,"twitter.com/RandyTheSakura,twitter.com/ItsRandyYT",,instagram.com/randyofficial
UCLWvIB80ANqrEJhzYzfkgGA,Family Games Media,14200000,,,
UCCj-hSGWdjsKCNFo9Dh65sA,LoneE,1170000,twitter.com/itsLoneE,,instagram.com/loneeyt
UCR1yd7JFrY7agCcYU1Ddzew,Chris Isaak - Topic,3650,,,
UCWBWgCD4oAqT3hUeq40SCUw,Sambucha,8410000,twitter.com/sambucha,,instagram.com/sambuchalul
UClCe18fwE4Gtr7vgqka1Zlg,Live Engineer,4920000,twitter.com/sastaengineer,,instagram.com/sastaengineer
UCW9n7jdJop8UQNrVYI5Yt7A,TEJ GAMER,118000,,,
UCClDJBKyRna4tLBvzTnJ4fw,FPB GAMER ,222000,,,
UCVAYy7_zddIx6USjXscV9Vg,Caylus  ,16800000,twitter.com/Caylusq,,instagram.com/caylus
UCDBuRjfKmee94EnwBevq5Dw,Tanja's Toys Review,125000,,facebook.com/tanjastoysreview,instagram.com/tanjastoysreview
UCcmSrfqxw0MJFQFRJXk7Rlw,natalikes,4550000,,,
UCX4MknhVsl7MU1tT2pg3y_A,GeoAtlas id,214000,,,
UCwNHWTEiji1uSQ0kzkhtrBQ,Down to Top,1000000,twitter.com/Down,facebook.com/downtotopyt,instagram.com/downtotop
UCJKlX798pz7HzDUJhaN-fCg,SK GAMING ZONE,1000000,,,
